GAME_ID,TEAM_ABBREVIATION,PTS,REB,AST,TO,STL,BLK,FG_PCT,FT_PCT,FG3_PCT,ImpactScore
1012500001,BRA,124.0,62.0,26.0,38.0,6.0,6.0,0.3930833333333333,0.34025,0.22216666666666665,0.43600779791780025
1012500001,CHI,178.0,86.0,42.0,18.0,24.0,4.0,0.4123888888888889,0.2888888888888889,0.112,0.97721242627682
1012500002,IND,158.0,94.0,36.0,36.0,18.0,4.0,0.23981818181818182,0.5340909090909091,0.16963636363636364,0.5311227626083047
1012500002,WAS,148.0,82.0,42.0,44.0,20.0,6.0,0.3863846153846154,0.3076923076923077,0.2436153846153846,0.6125458697321613
1012500003,BRA,88.0,72.0,24.0,52.0,12.0,4.0,0.29958333333333337,0.3055833333333333,0.09858333333333334,0.3087179547850902
1012500003,IND,216.0,96.0,50.0,22.0,26.0,8.0,0.4973571428571429,0.33449999999999996,0.256,1.1634599537754602
1012500004,CON,118.0,56.0,28.0,36.0,28.0,8.0,0.28315384615384614,0.3269230769230769,0.11153846153846153,0.5613890599911113
1012500004,SEA,158.0,84.0,42.0,38.0,20.0,10.0,0.391,0.47225,0.09441666666666666,0.804605853204142
1012500005,CHI,148.0,74.0,40.0,30.0,22.0,12.0,0.3897857142857143,0.17857142857142858,0.22014285714285714,0.8021600998567189
1012500005,MIN,138.0,78.0,42.0,36.0,18.0,4.0,0.4061818181818182,0.5,0.13636363636363635,0.6911914030592068
1012500006,GSV,164.0,74.0,36.0,30.0,14.0,4.0,0.4285,0.43814285714285717,0.1352142857142857,0.7206263102341239
1012500006,LAS,166.0,76.0,42.0,32.0,16.0,4.0,0.4087692307692308,0.3974615384615384,0.25276923076923075,0.7316475539106583
1012500007,LVA,170.0,54.0,34.0,20.0,20.0,10.0,0.37376923076923074,0.4423076923076923,0.1769230769230769,0.8181071963944884
1012500007,PHX,168.0,70.0,40.0,40.0,14.0,0.0,0.52275,0.25,0.32706250000000003,0.5834956478865055
1012500008,ATL,160.0,66.0,38.0,22.0,20.0,12.0,0.3252,0.26666666666666666,0.20020000000000002,0.7843490334374934
1012500008,WAS,140.0,64.0,36.0,32.0,14.0,8.0,0.4183636363636364,0.5454545454545454,0.15145454545454545,0.6824910227180514
1012500009,ATL,152.0,64.0,40.0,22.0,14.0,16.0,0.3766923076923077,0.5769230769230769,0.4306153846153846,0.8637637219231937
1012500009,IND,162.0,78.0,46.0,28.0,16.0,4.0,0.457,0.34245454545454546,0.2461818181818182,0.7719041460143157
1012500010,DAL,238.0,84.0,68.0,20.0,26.0,4.0,0.6306153846153847,0.45515384615384613,0.23623076923076922,1.1550825672077898
1012500010,TOY,104.0,34.0,32.0,38.0,12.0,4.0,0.34444444444444444,0.3888888888888889,0.12433333333333334,0.35428874166595503
1012500011,CHI,174.0,70.0,42.0,26.0,16.0,10.0,0.4477272727272727,0.4318181818181818,0.4178181818181818,0.7788417692400046
1012500011,MIN,184.0,80.0,46.0,22.0,12.0,8.0,0.35650000000000004,0.4074166666666667,0.3139166666666667,0.6346685020958939
1012500012,GSV,168.0,66.0,42.0,16.0,20.0,6.0,0.27884615384615385,0.641,0.21,0.8686952696551125
1012500012,PHX,158.0,92.0,42.0,36.0,8.0,14.0,0.34181818181818185,0.4508181818181818,0.17272727272727273,0.7541863417313261
1012500013,DAL,156.0,56.0,36.0,38.0,6.0,6.0,0.3153125,0.2604375,0.23125,0.4746408354522966
1012500013,LVA,224.0,80.0,54.0,18.0,28.0,10.0,0.36146153846153845,0.31153846153846154,0.26276923076923075,1.1212364562755626
1012500014,CON,188.0,64.0,48.0,18.0,18.0,4.0,0.47175000000000006,0.46875,0.22324999999999998,0.9470009521259922
1012500014,NYL,172.0,46.0,48.0,36.0,14.0,4.0,0.6162500000000001,0.5139166666666667,0.4444166666666667,0.6393160444574804
1012500015,NYL,168.0,58.0,46.0,14.0,16.0,8.0,0.5421538461538462,0.29484615384615387,0.21153846153846154,0.8256834564190716
1012500015,TOY,122.0,68.0,34.0,28.0,10.0,4.0,0.39233333333333337,0.18522222222222223,0.2241111111111111,0.5382507423193096
1022500001,ATL,180.0,74.0,48.0,28.0,8.0,4.0,0.3258888888888889,0.38055555555555554,0.20555555555555557,0.6396370766433893
1022500001,WAS,188.0,52.0,36.0,14.0,14.0,8.0,0.6607777777777778,0.3888888888888889,0.426,0.7840775893095479
1022500002,DAL,168.0,66.0,30.0,28.0,16.0,4.0,0.41463636363636364,0.36363636363636365,0.303,0.70133418472895
1022500002,MIN,198.0,62.0,54.0,26.0,10.0,0.0,0.3552,0.4196,0.275,0.4878193076692442
1022500003,GSV,134.0,66.0,26.0,40.0,16.0,4.0,0.24466666666666667,0.6296666666666666,0.17222222222222222,0.43965517130999665
1022500003,LAS,168.0,54.0,38.0,22.0,32.0,8.0,0.331125,0.427125,0.145875,0.6804473440153205
1022500004,CHI,116.0,84.0,34.0,34.0,10.0,14.0,0.3063636363636364,0.18181818181818182,0.1848181818181818,0.5935835157921406
1022500004,IND,186.0,92.0,38.0,20.0,26.0,20.0,0.4584,0.47919999999999996,0.2,1.0237439800097587
1022500005,LVA,156.0,82.0,36.0,20.0,8.0,4.0,0.3175,0.2667,0.2433,0.7643832304293571
1022500005,NYL,184.0,86.0,54.0,12.0,14.0,14.0,0.3199166666666667,0.375,0.10416666666666667,0.9414073373026571
1022500006,PHX,162.0,76.0,40.0,28.0,16.0,10.0,0.4467777777777778,0.28833333333333333,0.19444444444444445,0.7654065724018446
1022500006,SEA,118.0,58.0,32.0,24.0,20.0,10.0,0.2855,0.4524,0.1333,0.5922188207514616
1022500007,CON,170.0,66.0,34.0,24.0,12.0,10.0,0.5014444444444445,0.5494444444444445,0.125,0.6449038730110322
1022500007,WAS,180.0,64.0,34.0,28.0,12.0,8.0,0.4102,0.2762,0.2083,0.6944883506042688
1022500008,LAS,150.0,58.0,30.0,22.0,8.0,6.0,0.32757142857142857,0.45199999999999996,0.24814285714285716,0.6021814713445152
1022500008,MIN,178.0,68.0,54.0,16.0,14.0,6.0,0.3631,0.55,0.1917,0.7862990724876193
1022500009,DAL,142.0,88.0,38.0,28.0,12.0,14.0,0.31029999999999996,0.3217,0.1125,0.9510739302344842
1022500009,SEA,158.0,74.0,50.0,22.0,14.0,10.0,0.40275,0.302125,0.333375,0.7614204388384038
1022500010,CON,124.0,68.0,32.0,32.0,8.0,6.0,0.365,0.3960909090909091,0.08636363636363636,0.5650976483894772
1022500010,LVA,174.0,82.0,32.0,22.0,18.0,8.0,0.30109090909090913,0.36272727272727273,0.2120909090909091,0.812956244444532
1022500011,ATL,182.0,74.0,38.0,22.0,14.0,10.0,0.3992,0.4883,0.1608,0.7604381662910654
1022500011,IND,180.0,64.0,36.0,28.0,6.0,6.0,0.3416666666666667,0.373,0.23577777777777775,0.4017068769067066
1022500012,DAL,162.0,54.0,40.0,22.0,18.0,2.0,0.4905555555555556,0.35188888888888886,0.24466666666666667,0.6573693483510155
1022500012,MIN,170.0,86.0,54.0,34.0,8.0,6.0,0.40075,0.479125,0.262,0.8008116905125051
1022500013,GSV,152.0,74.0,30.0,22.0,20.0,4.0,0.22810000000000002,0.5541,0.1417,0.6570939130582024
1022500013,WAS,148.0,86.0,38.0,34.0,12.0,6.0,0.4032,0.47859999999999997,0.1766,0.6551926132487055
1022500014,LAS,172.0,74.0,36.0,32.0,8.0,6.0,0.3675,0.4325,0.24430000000000002,0.5582082188842168
1022500014,PHX,178.0,66.0,44.0,24.0,16.0,14.0,0.3701,0.3383,0.2292,0.877232472265107
1022500015,ATL,152.0,74.0,28.0,24.0,8.0,6.0,0.35033333333333333,0.5329999999999999,0.20322222222222222,0.5530563645797599
1022500015,IND,162.0,82.0,42.0,26.0,8.0,6.0,0.3327777777777778,0.2888888888888889,0.2777777777777778,0.6904502988570985
1022500016,CHI,148.0,72.0,32.0,46.0,18.0,2.0,0.39490909090909093,0.28790909090909095,0.1951818181818182,0.5866189839891497
1022500016,NYL,198.0,56.0,50.0,38.0,24.0,18.0,0.42616666666666664,0.4791666666666667,0.3958333333333333,0.8824438172279699
1022500017,CON,140.0,80.0,44.0,42.0,10.0,8.0,0.2912,0.2,0.1933,0.5506093466094228
1022500017,MIN,152.0,62.0,42.0,30.0,26.0,12.0,0.3701111111111111,0.44999999999999996,0.21466666666666667,0.8924344205878754
1022500018,LVA,150.0,64.0,30.0,16.0,18.0,12.0,0.2319,0.49000000000000005,0.15350000000000003,0.6895563326363796
1022500018,WAS,144.0,72.0,36.0,30.0,4.0,6.0,0.304125,0.4375,0.26675000000000004,0.4135548004318561
1022500019,GSV,164.0,68.0,30.0,30.0,26.0,8.0,0.39222222222222225,0.4722222222222222,0.2901111111111111,0.7261809013515375
1022500019,LAS,146.0,62.0,36.0,34.0,18.0,8.0,0.36922222222222223,0.5247777777777778,0.21666666666666667,0.6529147287010247
1022500020,PHX,140.0,68.0,36.0,38.0,18.0,8.0,0.4471111111111111,0.3426666666666667,0.23144444444444445,0.5899451938384793
1022500020,SEA,154.0,60.0,42.0,30.0,18.0,8.0,0.3065,0.3778,0.1262,0.5307172179808322
1022500021,IND,176.0,78.0,40.0,32.0,12.0,2.0,0.36025,0.44375,0.246,0.7191701293508886
1022500021,NYL,180.0,68.0,38.0,24.0,14.0,10.0,0.316375,0.608875,0.172875,0.647727654045402
1022500022,ATL,166.0,84.0,46.0,26.0,12.0,14.0,0.43533333333333335,0.42133333333333334,0.3224444444444445,0.7473190589560803
1022500022,DAL,150.0,76.0,34.0,16.0,18.0,6.0,0.37844444444444447,0.38522222222222224,0.22955555555555554,0.8316041343713803
1022500023,ATL,158.0,104.0,40.0,28.0,8.0,10.0,0.399875,0.402125,0.2685,0.7358267374310047
1022500023,CON,110.0,68.0,28.0,18.0,8.0,6.0,0.283,0.36363636363636365,0.1471818181818182,0.5067747410565113
1022500024,CHI,156.0,68.0,34.0,34.0,12.0,6.0,0.4573333333333333,0.4444444444444444,0.08888888888888889,0.6262146306158747
1022500024,LAS,182.0,64.0,48.0,22.0,24.0,4.0,0.3462222222222222,0.6032222222222222,0.34444444444444444,0.7160899171970629
1022500025,PHX,136.0,52.0,30.0,28.0,30.0,2.0,0.33166666666666667,0.6592222222222222,0.33066666666666666,0.6197332147587826
1022500025,WAS,124.0,82.0,32.0,54.0,8.0,2.0,0.49050000000000005,0.5208,0.2233,0.5091429486377628
1022500026,LVA,164.0,50.0,38.0,24.0,14.0,16.0,0.44436363636363635,0.38636363636363635,0.3068181818181818,0.8705783717633111
1022500026,SEA,204.0,68.0,64.0,22.0,14.0,4.0,0.5667,0.425,0.2767,0.9071789693601191
1022500027,CON,174.0,54.0,40.0,32.0,20.0,0.0,0.27354545454545454,0.5242727272727273,0.13736363636363638,0.5551282361908499
1022500027,DAL,218.0,70.0,52.0,24.0,20.0,6.0,0.5965,0.5833333333333334,0.29516666666666663,0.9337952033729792
1022500028,GSV,134.0,68.0,32.0,40.0,20.0,8.0,0.35544444444444445,0.3571111111111111,0.3227777777777778,0.6164768740165198
1022500028,NYL,190.0,74.0,60.0,26.0,28.0,6.0,0.43390909090909086,0.18181818181818182,0.23745454545454547,0.9623673410392602
1022500029,MIN,164.0,60.0,36.0,22.0,22.0,10.0,0.30310000000000004,0.5,0.2367,0.6177135014431971
1022500029,SEA,154.0,68.0,40.0,28.0,16.0,6.0,0.3645,0.375,0.14,0.6835172809047538
1022500030,ATL,176.0,64.0,52.0,32.0,18.0,12.0,0.43866666666666665,0.5555555555555556,0.3182222222222222,0.7531205029215148
1022500030,LAS,164.0,56.0,46.0,26.0,24.0,2.0,0.42869999999999997,0.3489,0.2944,0.621489452467102
1022500031,CHI,178.0,84.0,50.0,32.0,12.0,10.0,0.3232222222222222,0.5123333333333333,0.09522222222222222,0.6752077292971781
1022500031,PHX,188.0,60.0,52.0,18.0,22.0,14.0,0.4424444444444445,0.363,0.39166666666666666,0.9199716078364418
1022500032,IND,154.0,66.0,30.0,34.0,18.0,12.0,0.35677777777777775,0.6074444444444445,0.12433333333333334,1.0112233988006458
1022500032,WAS,166.0,82.0,40.0,36.0,14.0,10.0,0.4814,0.45499999999999996,0.25,0.8366952243434371
1022500033,GSV,154.0,82.0,50.0,26.0,6.0,2.0,0.42711111111111116,0.37966666666666665,0.2824444444444445,0.7114943160564188
1022500033,NYL,164.0,72.0,34.0,26.0,14.0,10.0,0.3124444444444444,0.42100000000000004,0.31955555555555554,0.468517317930042
1022500034,CHI,194.0,68.0,56.0,26.0,22.0,0.0,0.4386,0.4833,0.3186,0.89825855662735
1022500034,DAL,184.0,60.0,46.0,32.0,12.0,20.0,0.49377777777777776,0.5,0.1481111111111111,0.6792397890369686
1022500035,CON,170.0,50.0,38.0,32.0,18.0,4.0,0.5381111111111111,0.5,0.2826666666666667,0.7733175137280154
1022500035,IND,166.0,50.0,40.0,28.0,16.0,4.0,0.38966666666666666,0.537,0.2703333333333333,0.6454595726138946
1022500036,NYL,170.0,92.0,46.0,22.0,12.0,16.0,0.339,0.4090909090909091,0.19763636363636364,0.6995158339405625
1022500036,WAS,126.0,72.0,26.0,20.0,16.0,2.0,0.3431,0.39,0.19,0.6637816144161313
1022500037,LAS,162.0,76.0,36.0,36.0,12.0,0.0,0.5574444444444445,0.3928888888888889,0.34,0.6968712209531424
1022500037,LVA,192.0,60.0,44.0,20.0,24.0,14.0,0.3728888888888889,0.6111111111111112,0.4568888888888889,0.7710585236952414
1022500038,MIN,148.0,70.0,36.0,30.0,10.0,12.0,0.24609999999999999,0.5,0.1629,0.548612931189276
1022500038,PHX,142.0,76.0,42.0,28.0,16.0,8.0,0.3002222222222222,0.48411111111111116,0.1,0.6988802938733155
1022500039,ATL,188.0,70.0,36.0,22.0,10.0,14.0,0.37144444444444447,0.3501111111111111,0.20366666666666666,0.7748328276723888
1022500039,SEA,174.0,66.0,34.0,28.0,14.0,2.0,0.44566666666666666,0.5432222222222223,0.1111111111111111,0.6574084759415139
1022500040,CHI,188.0,78.0,40.0,30.0,16.0,10.0,0.3889,0.5599999999999999,0.135,0.8326434052178001
1022500040,DAL,166.0,64.0,30.0,28.0,18.0,20.0,0.4023,0.5,0.1867,0.8190672020432455
1022500041,CON,104.0,52.0,22.0,38.0,16.0,0.0,0.2629,0.45,0.1372,0.3168751808762689
1022500041,NYL,200.0,64.0,58.0,38.0,22.0,6.0,0.631,0.5757272727272728,0.6242727272727273,0.8610888211795875
1022500042,LAS,160.0,76.0,34.0,26.0,22.0,6.0,0.352125,0.378125,0.180375,0.8718895078290138
1022500042,PHX,170.0,76.0,44.0,24.0,14.0,4.0,0.40679999999999994,0.4727,0.2542,0.7243935461583199
1022500043,LVA,150.0,62.0,34.0,30.0,22.0,8.0,0.38177777777777777,0.46299999999999997,0.3407777777777778,0.5893592994350358
1022500043,SEA,140.0,64.0,38.0,38.0,10.0,6.0,0.4235555555555555,0.3888888888888889,0.25,0.5192919177632777
1022500044,GSV,150.0,74.0,30.0,28.0,18.0,8.0,0.30172727272727273,0.4636363636363636,0.20381818181818182,0.669178223179883
1022500044,MIN,172.0,72.0,44.0,24.0,20.0,6.0,0.301,0.5582222222222222,0.3068888888888889,0.7538235664986505
1022500045,IND,170.0,38.0,42.0,16.0,16.0,4.0,0.48366666666666663,0.41855555555555557,0.28944444444444445,0.5245272356371848
1022500045,WAS,152.0,66.0,24.0,30.0,6.0,10.0,0.5455555555555556,0.46111111111111114,0.037000000000000005,0.6788778203973583
1022500046,MIN,176.0,74.0,58.0,46.0,12.0,8.0,0.4944545454545455,0.24245454545454545,0.2893636363636363,0.5968946018711233
1022500046,PHX,130.0,48.0,26.0,20.0,22.0,6.0,0.4165,0.15,0.1166,0.6467527057208079
1022500047,DAL,154.0,96.0,36.0,28.0,14.0,8.0,0.3082,0.36669999999999997,0.2,0.7446806398902247
1022500047,SEA,166.0,62.0,44.0,32.0,12.0,20.0,0.5452222222222223,0.4628888888888889,0.38333333333333336,0.802105863033598
1022500048,NYL,172.0,72.0,30.0,26.0,20.0,6.0,0.5097777777777778,0.5854444444444444,0.35555555555555557,0.8770442878034235
1022500048,WAS,156.0,78.0,40.0,28.0,6.0,4.0,0.39570000000000005,0.4166,0.16670000000000001,0.6259841281817052
1022500049,GSV,154.0,58.0,34.0,38.0,22.0,6.0,0.3625,0.3651,0.2676,0.6036061516142598
1022500049,PHX,172.0,72.0,30.0,34.0,14.0,10.0,0.4731111111111111,0.40744444444444444,0.3641111111111111,0.7700550654182826
1022500050,ATL,152.0,58.0,38.0,24.0,10.0,12.0,0.42519999999999997,0.27,0.2133,0.669830568851539
1022500050,CON,168.0,54.0,34.0,22.0,18.0,6.0,0.3438,0.5583,0.0375,0.7068946053694163
1022500051,DAL,158.0,70.0,48.0,30.0,12.0,10.0,0.39390000000000003,0.4,0.1749,0.7323101720987009
1022500051,LAS,186.0,60.0,48.0,28.0,18.0,10.0,0.43681818181818177,0.4697272727272727,0.11854545454545455,0.6360814209097833
1022500052,GSV,190.0,86.0,48.0,24.0,14.0,6.0,0.4320909090909091,0.4318181818181818,0.1699090909090909,0.9181001188481652
1022500052,LVA,136.0,62.0,22.0,26.0,10.0,4.0,0.23118181818181818,0.4522727272727272,0.17045454545454544,0.5470522623863376
1022500053,CHI,104.0,60.0,22.0,38.0,10.0,8.0,0.38345454545454544,0.33336363636363636,0.12118181818181818,0.4777279614525081
1022500053,IND,158.0,64.0,40.0,28.0,18.0,8.0,0.37879999999999997,0.42069999999999996,0.3167,0.6766334838087679
1022500054,PHX,154.0,58.0,42.0,28.0,6.0,2.0,0.46733333333333327,0.37033333333333335,0.18177777777777776,0.5885998042597633
1022500054,SEA,178.0,62.0,44.0,22.0,8.0,8.0,0.37120000000000003,0.3524,0.2833,0.5981207455007633
1022500055,CON,134.0,44.0,34.0,34.0,16.0,8.0,0.29533333333333334,0.40744444444444444,0.15922222222222224,0.498943680032275
1022500055,WAS,208.0,84.0,48.0,30.0,16.0,0.0,0.5465454545454546,0.4393636363636364,0.2120909090909091,0.9583054059615354
1022500056,DAL,130.0,82.0,28.0,30.0,6.0,6.0,0.2273333333333333,0.5247777777777778,0.12533333333333335,0.5673808998497978
1022500056,MIN,162.0,74.0,50.0,12.0,24.0,22.0,0.27208333333333334,0.25,0.23750000000000002,1.0750295057332562
1022500057,GSV,178.0,98.0,40.0,26.0,16.0,10.0,0.3425,0.5427500000000001,0.125,0.806213600638285
1022500057,LAS,162.0,68.0,46.0,26.0,16.0,8.0,0.4852222222222222,0.426,0.19444444444444445,0.6671750068566442
1022500058,ATL,154.0,88.0,42.0,24.0,14.0,8.0,0.35509090909090907,0.3106363636363636,0.16018181818181818,0.7663467530642578
1022500058,IND,116.0,54.0,26.0,22.0,10.0,6.0,0.2763,0.225,0.14830000000000002,0.5200788951750341
1022500059,CHI,132.0,74.0,36.0,44.0,14.0,6.0,0.3973,0.2,0.21989999999999998,0.5649416349421604
1022500059,NYL,170.0,58.0,46.0,18.0,26.0,10.0,0.374,0.3788181818181818,0.18027272727272728,0.8673575759685737
1022500060,LAS,194.0,76.0,48.0,30.0,10.0,2.0,0.6187777777777778,0.4301111111111111,0.37033333333333335,0.6993048361870203
1022500060,LVA,178.0,56.0,24.0,18.0,16.0,8.0,0.2727777777777778,0.4086666666666667,0.11055555555555557,0.4394854834520898
1022500061,DAL,160.0,72.0,32.0,28.0,12.0,8.0,0.3364,0.44000000000000006,0.07139999999999999,0.6719549343415692
1022500061,PHX,186.0,56.0,46.0,20.0,18.0,12.0,0.5074444444444445,0.32411111111111107,0.3893333333333333,0.9304498666494864
1022500062,MIN,168.0,52.0,50.0,24.0,10.0,8.0,0.465625,0.34375,0.41100000000000003,0.743274814052596
1022500062,SEA,188.0,68.0,60.0,20.0,18.0,6.0,0.4436666666666667,0.24811111111111112,0.16666666666666666,0.8107094584633492
1022500063,ATL,176.0,78.0,42.0,24.0,10.0,12.0,0.31427272727272726,0.2757272727272727,0.12190909090909091,0.6113704418130507
1022500063,CHI,140.0,72.0,40.0,24.0,12.0,6.0,0.3625,0.1654,0.1119,0.7189683129929518
1022500064,DAL,168.0,58.0,48.0,30.0,20.0,4.0,0.47575,0.4375,0.2885,0.6668420193317821
1022500064,LVA,176.0,72.0,30.0,36.0,20.0,8.0,0.3463333333333333,0.5185555555555555,0.18511111111111112,0.6976953837330228
1022500065,LAS,156.0,72.0,28.0,40.0,6.0,2.0,0.38039999999999996,0.6625,0.1867,0.5359290555551365
1022500065,MIN,202.0,54.0,60.0,18.0,18.0,20.0,0.5491818181818182,0.24245454545454545,0.3181818181818182,1.0875034985746816
1022500066,IND,204.0,76.0,50.0,24.0,10.0,12.0,0.3879,0.4267,0.3217,0.7461675606196781
1022500066,NYL,176.0,68.0,34.0,22.0,20.0,8.0,0.3065555555555555,0.29844444444444446,0.08144444444444446,0.7264564952423719
1022500067,GSV,152.0,66.0,42.0,36.0,18.0,4.0,0.4172222222222222,0.48144444444444445,0.037000000000000005,0.6633744373356998
1022500067,SEA,140.0,40.0,38.0,32.0,22.0,10.0,0.3382222222222222,0.4963333333333334,0.17355555555555557,0.5771639039327034
1022500068,CHI,156.0,76.0,40.0,24.0,14.0,10.0,0.4671111111111111,0.5277777777777778,0.25,0.740421958666245
1022500068,CON,132.0,64.0,30.0,24.0,18.0,4.0,0.343125,0.375,0.239625,0.593921400191751
1022500069,ATL,178.0,82.0,48.0,12.0,16.0,4.0,0.3600909090909091,0.1688181818181818,0.321,0.8757139875377913
1022500069,WAS,112.0,70.0,24.0,26.0,10.0,4.0,0.3012727272727273,0.343,0.09090909090909091,0.49816887962960227
1022500070,LVA,140.0,76.0,28.0,38.0,12.0,8.0,0.2802,0.55,0.2109,0.3982604435789879
1022500070,PHX,152.0,72.0,44.0,24.0,20.0,8.0,0.2873,0.35,0.14079999999999998,0.7787429631584812
1022500071,CON,142.0,54.0,30.0,24.0,16.0,8.0,0.26716666666666666,0.5,0.11108333333333333,0.6220796837636731
1022500071,IND,176.0,76.0,38.0,30.0,12.0,2.0,0.3257,0.375,0.3377,0.6115902982624436
1022500072,ATL,162.0,62.0,46.0,24.0,14.0,14.0,0.36519999999999997,0.4,0.3919,0.6685214843527147
1022500072,NYL,172.0,74.0,38.0,24.0,16.0,6.0,0.3013,0.3607,0.1333,0.604806798159082
1022500073,CHI,144.0,62.0,42.0,44.0,20.0,12.0,0.44777777777777783,0.35,0.2222222222222222,0.6181057901701538
1022500073,WAS,158.0,64.0,42.0,32.0,28.0,10.0,0.3523333333333334,0.4963333333333334,0.2,0.739350565294773
1022500074,DAL,160.0,78.0,46.0,22.0,24.0,12.0,0.4421111111111111,0.4443333333333333,0.25833333333333336,0.8301323736940984
1022500074,GSV,142.0,56.0,34.0,32.0,10.0,12.0,0.326,0.541625,0.21875,0.5132594005820388
1022500075,LVA,124.0,68.0,36.0,34.0,8.0,8.0,0.32480000000000003,0.1714,0.2666,0.41980782013660145
1022500075,MIN,152.0,80.0,40.0,16.0,16.0,8.0,0.2981,0.6,0.16499999999999998,0.7616236625619881
1022500076,LAS,134.0,84.0,28.0,44.0,14.0,8.0,0.30060000000000003,0.355,0.1967,0.5866787029801938
1022500076,SEA,196.0,54.0,58.0,20.0,30.0,14.0,0.4295,0.21669999999999998,0.2983,0.9845662483310068
1022500077,CON,150.0,74.0,40.0,26.0,10.0,10.0,0.34345454545454546,0.3409090909090909,0.16972727272727273,0.7268812227468424
1022500077,PHX,166.0,82.0,36.0,24.0,18.0,10.0,0.374,0.6375,0.2366,0.8096409791249581
1022500078,NYL,162.0,64.0,38.0,38.0,16.0,4.0,0.37520000000000003,0.2742,0.225,0.5196760269720363
1022500078,PHX,178.0,84.0,44.0,26.0,20.0,6.0,0.2761,0.4445,0.0944,0.790798624862344
1022500079,GSV,176.0,64.0,36.0,14.0,20.0,10.0,0.41533333333333333,0.4166666666666667,0.1527777777777778,0.9306734926958224
1022500079,IND,154.0,70.0,40.0,32.0,6.0,6.0,0.3486,0.375,0.2962,0.5132461127462336
1022500080,ATL,184.0,48.0,46.0,18.0,10.0,8.0,0.584111111111111,0.6258888888888889,0.31222222222222223,0.7852329645290456
1022500080,WAS,182.0,66.0,50.0,28.0,16.0,8.0,0.5272222222222223,0.6565555555555556,0.17066666666666666,0.7184595476073551
1022500081,CON,166.0,58.0,38.0,24.0,18.0,16.0,0.45709999999999995,0.44589999999999996,0.2,0.8098105857726674
1022500081,DAL,172.0,84.0,46.0,34.0,14.0,2.0,0.3552,0.49820000000000003,0.1833,0.7040627692585488
1022500082,LVA,166.0,60.0,40.0,28.0,10.0,10.0,0.3655555555555556,0.40166666666666667,0.2777777777777778,0.570085204715687
1022500082,SEA,180.0,74.0,42.0,18.0,14.0,4.0,0.3398888888888889,0.3888888888888889,0.2796666666666667,0.4856145223887134
1022500083,CHI,172.0,44.0,44.0,40.0,28.0,6.0,0.532,0.5599999999999999,0.3536,0.7306347634756138
1022500083,PHX,214.0,68.0,50.0,38.0,26.0,4.0,0.5729,0.7834,0.4262,0.9149534969525142
1022500084,LAS,132.0,52.0,26.0,30.0,14.0,6.0,0.29410000000000003,0.55,0.1346,0.38623521648179454
1022500084,MIN,164.0,64.0,42.0,40.0,18.0,10.0,0.44399999999999995,0.325,0.278,0.5682853388329756
1022500085,ATL,186.0,72.0,42.0,18.0,14.0,12.0,0.2889090909090909,0.4894545454545455,0.2110909090909091,0.7441040151598909
1022500085,CHI,160.0,76.0,38.0,18.0,14.0,10.0,0.3652222222222222,0.5,0.08144444444444446,0.7116418579912761
1022500086,DAL,176.0,76.0,32.0,34.0,16.0,12.0,0.32175,0.6945,0.197875,0.6823420377451879
1022500086,WAS,182.0,66.0,46.0,32.0,22.0,8.0,0.2838,0.39790000000000003,0.1571,0.5950954268529361
1022500087,IND,162.0,66.0,46.0,32.0,18.0,2.0,0.3975,0.291625,0.2625,0.6719782358615007
1022500087,LVA,178.0,62.0,38.0,26.0,18.0,6.0,0.350875,0.35,0.1875,0.7825600951079018
1022500088,NYL,158.0,78.0,42.0,40.0,14.0,14.0,0.401375,0.607125,0.260375,0.8661860833535705
1022500088,SEA,178.0,64.0,48.0,20.0,26.0,12.0,0.4562222222222222,0.34255555555555556,0.24400000000000002,0.9550048094414697
1022500089,CON,126.0,70.0,28.0,26.0,8.0,20.0,0.2915,0.5131,0.19990000000000002,0.6576745600623581
1022500089,GSV,174.0,102.0,36.0,18.0,18.0,6.0,0.3561818181818182,0.6181818181818182,0.15109090909090908,1.0594311656791644
1022500090,MIN,128.0,78.0,30.0,38.0,18.0,16.0,0.28300000000000003,0.4603333333333333,0.09255555555555556,0.561669963409043
1022500090,WAS,136.0,80.0,34.0,28.0,20.0,2.0,0.32711111111111113,0.3147777777777778,0.23522222222222222,0.7800884292037927
1022500091,CHI,194.0,72.0,46.0,22.0,16.0,6.0,0.3849,0.5439999999999999,0.2366,0.6742728131404324
1022500091,LAS,172.0,54.0,44.0,34.0,14.0,14.0,0.5145555555555555,0.37033333333333335,0.2671111111111111,0.6469425198786171
1022500092,ATL,110.0,74.0,20.0,18.0,12.0,6.0,0.137,0.25,0.052636363636363634,0.43008648355662066
1022500092,DAL,136.0,88.0,28.0,16.0,12.0,10.0,0.35175,0.375,0.083375,0.7762989212916077
1022500093,IND,188.0,76.0,36.0,30.0,20.0,2.0,0.355,0.48144444444444445,0.19044444444444444,0.662824170760358
1022500093,SEA,172.0,42.0,34.0,34.0,16.0,14.0,0.43275,0.720875,0.24375,0.6319981033101529
1022500094,GSV,156.0,76.0,40.0,20.0,10.0,6.0,0.35744444444444445,0.3147777777777778,0.30922222222222223,0.8035144160958053
1022500094,NYL,162.0,74.0,36.0,16.0,10.0,10.0,0.27066666666666667,0.4444444444444444,0.23188888888888892,0.6958905800959828
1022500095,CON,118.0,60.0,30.0,24.0,14.0,10.0,0.2687,0.35,0.04,0.5622285584022225
1022500095,LVA,170.0,90.0,36.0,30.0,12.0,14.0,0.3369090909090909,0.33245454545454545,0.18409090909090908,0.743416696858419
1022500096,IND,150.0,62.0,26.0,26.0,28.0,4.0,0.24733333333333332,0.6147777777777778,0.10888888888888888,0.6534058594224267
1022500096,LAS,170.0,68.0,38.0,38.0,16.0,2.0,0.35355555555555557,0.6722222222222222,0.15733333333333333,0.6311735856323419
1022500097,LVA,166.0,54.0,42.0,16.0,8.0,14.0,0.44181818181818183,0.35063636363636363,0.1969090909090909,0.6485448436995599
1022500097,WAS,188.0,68.0,36.0,16.0,8.0,0.0,0.5706666666666667,0.7174444444444444,0.30877777777777776,0.8736649956668615
1022500098,ATL,184.0,80.0,42.0,26.0,20.0,4.0,0.30510000000000004,0.5157,0.1643,0.5127908955601088
1022500098,MIN,192.0,56.0,60.0,32.0,12.0,10.0,0.43377777777777776,0.3055555555555556,0.29988888888888887,0.6345539180175837
1022500099,DAL,172.0,46.0,42.0,16.0,10.0,6.0,0.394,0.75,0.25,0.7406797200851036
1022500099,IND,188.0,64.0,46.0,22.0,12.0,2.0,0.48425,0.625,0.1875,0.7460852201308225
1022500100,CHI,156.0,80.0,30.0,22.0,14.0,8.0,0.285125,0.495875,0.306875,0.7134588633478928
1022500100,GSV,166.0,84.0,32.0,18.0,8.0,4.0,0.37766666666666665,0.41533333333333333,0.3,0.7654195453752024
1022500101,NYL,182.0,60.0,42.0,24.0,18.0,0.0,0.42969999999999997,0.5321,0.15,0.7277691284745205
1022500101,PHX,212.0,72.0,60.0,24.0,14.0,2.0,0.5550909090909091,0.24245454545454545,0.2560909090909091,0.965367479524672
1022500102,CON,162.0,56.0,42.0,30.0,18.0,10.0,0.3406,0.33999999999999997,0.25,0.66810429245413
1022500102,SEA,194.0,68.0,54.0,22.0,16.0,12.0,0.5106666666666667,0.5674444444444444,0.20766666666666667,0.9729779568308441
1022500103,DAL,158.0,82.0,36.0,38.0,14.0,8.0,0.47425,0.75,0.21875,0.7180777112760033
1022500103,WAS,142.0,52.0,28.0,26.0,16.0,4.0,0.27144444444444443,0.3888888888888889,0.08611111111111111,0.5132006471747214
1022500104,ATL,180.0,76.0,54.0,26.0,14.0,4.0,0.48844444444444446,0.47033333333333327,0.1388888888888889,0.9504506911600661
1022500104,NYL,162.0,60.0,36.0,26.0,14.0,6.0,0.34700000000000003,0.4471111111111111,0.23299999999999998,0.6292153536561166
1022500105,CHI,184.0,70.0,44.0,22.0,12.0,14.0,0.365,0.5,0.2638888888888889,0.8344254661934909
1022500105,LAS,170.0,70.0,44.0,26.0,14.0,10.0,0.3545555555555555,0.22966666666666669,0.258,0.7120510723510408
1022500106,LVA,168.0,72.0,40.0,24.0,10.0,6.0,0.3933333333333333,0.5454444444444444,0.21266666666666667,0.699051580281216
1022500106,PHX,162.0,70.0,38.0,22.0,10.0,6.0,0.4696666666666667,0.45633333333333337,0.2752222222222222,0.768628770679711
1022500107,CON,126.0,54.0,28.0,28.0,16.0,10.0,0.3658181818181818,0.3106363636363636,0.21518181818181817,0.43599691612575775
1022500107,MIN,204.0,82.0,54.0,26.0,16.0,10.0,0.4335833333333334,0.5125000000000001,0.163,0.8873095545964486
1022500108,GSV,168.0,82.0,40.0,32.0,10.0,8.0,0.4450909090909091,0.4636363636363636,0.14236363636363636,0.6182428152451296
1022500108,SEA,114.0,76.0,26.0,22.0,16.0,8.0,0.33799999999999997,0.37033333333333335,0.10577777777777778,0.6954180183632046
1022500109,IND,162.0,74.0,48.0,24.0,10.0,6.0,0.41300000000000003,0.5833333333333334,0.1111111111111111,0.7351116921010526
1022500109,LVA,108.0,52.0,24.0,34.0,8.0,2.0,0.1855,0.5346,0.0916,0.3933783950214621
1022500110,LAS,158.0,64.0,44.0,34.0,16.0,12.0,0.42919999999999997,0.4567,0.2233,0.35471553957036384
1022500110,NYL,178.0,64.0,42.0,26.0,20.0,10.0,0.3234444444444444,0.5925555555555556,0.23144444444444445,0.7473713877535073
1022500111,ATL,158.0,92.0,40.0,32.0,14.0,0.0,0.3684444444444444,0.3481111111111111,0.09655555555555556,0.5947351865184967
1022500111,SEA,160.0,48.0,34.0,22.0,24.0,12.0,0.332,0.25922222222222224,0.33699999999999997,0.4285006235279581
1022500112,DAL,196.0,76.0,40.0,30.0,8.0,12.0,0.390125,0.7395,0.173625,0.7475214531604544
1022500112,PHX,178.0,52.0,42.0,20.0,22.0,12.0,0.341,0.5081,0.21139999999999998,0.7839320029399298
1022500113,MIN,184.0,60.0,48.0,12.0,16.0,10.0,0.5088181818181817,0.2727272727272727,0.2833636363636364,0.943679751278901
1022500113,WAS,150.0,70.0,30.0,40.0,4.0,4.0,0.3841,0.505,0.1083,0.5393847753882496
1022500114,IND,174.0,66.0,44.0,18.0,6.0,12.0,0.462375,0.3185,0.270875,0.818986494891133
1022500114,LAS,178.0,60.0,44.0,14.0,4.0,2.0,0.47200000000000003,0.363,0.381,0.6903619598056453
1022500115,GSV,142.0,66.0,38.0,20.0,4.0,2.0,0.3302,0.3,0.2959,0.47979230100932313
1022500115,MIN,164.0,62.0,50.0,18.0,8.0,8.0,0.4575,0.4375,0.401,0.8081882786051545
1022500116,CON,136.0,54.0,28.0,28.0,18.0,4.0,0.3371,0.4667,0.1917,0.5332861126419404
1022500116,LVA,172.0,70.0,42.0,28.0,18.0,12.0,0.5345555555555556,0.3074444444444444,0.3685555555555556,0.8557929057747619
1022500117,NYL,140.0,72.0,34.0,30.0,14.0,10.0,0.33081818181818184,0.5454545454545454,0.16263636363636366,0.6926980671956895
1022500117,SEA,158.0,70.0,42.0,20.0,22.0,12.0,0.3412,0.29169999999999996,0.19,0.7770226096633999
1022500118,CHI,150.0,90.0,42.0,26.0,8.0,4.0,0.2871111111111111,0.3333333333333333,0.2888888888888889,0.6307220647073891
1022500118,MIN,160.0,74.0,42.0,16.0,12.0,20.0,0.41888888888888887,0.3888888888888889,0.2518888888888889,0.9580464492268421
1022500119,ATL,180.0,62.0,48.0,20.0,22.0,8.0,0.29745454545454547,0.4893636363636364,0.15527272727272726,0.8338569617318913
1022500119,GSV,162.0,58.0,38.0,42.0,10.0,0.0,0.5082,0.3,0.2869,0.47159398008085346
1022500120,DAL,144.0,88.0,32.0,34.0,10.0,6.0,0.3715,0.333375,0.267875,0.6647195224779818
1022500120,PHX,204.0,86.0,58.0,18.0,18.0,10.0,0.47225,0.38125,0.259,1.080711996888014
1022500121,CHI,158.0,78.0,38.0,32.0,16.0,10.0,0.3391,0.2133,0.21669999999999998,0.6639689693703075
1022500121,WAS,162.0,76.0,36.0,26.0,16.0,8.0,0.43570000000000003,0.5432,0.1083,0.7410814616791024
1022500122,LVA,156.0,64.0,26.0,32.0,4.0,14.0,0.3277777777777778,0.6142222222222222,0.19844444444444445,0.6239701502220115
1022500122,NYL,174.0,68.0,42.0,18.0,20.0,10.0,0.506875,0.4875,0.3055,0.8591832374828112
1022500123,CON,186.0,76.0,42.0,20.0,10.0,12.0,0.3775555555555556,0.7638888888888888,0.17777777777777778,0.7558957538041894
1022500123,SEA,166.0,62.0,44.0,18.0,10.0,2.0,0.325625,0.59675,0.145875,0.5786952956839482
1022500124,GSV,160.0,94.0,36.0,32.0,14.0,4.0,0.42810000000000004,0.3167,0.3483,0.7602975622896182
1022500124,IND,122.0,72.0,30.0,28.0,18.0,6.0,0.2794,0.4833,0.1326,0.5930130456656351
1022500125,MIN,142.0,72.0,34.0,32.0,10.0,4.0,0.33855555555555555,0.3333333333333333,0.18733333333333332,0.5732894272808383
1022500125,PHX,158.0,70.0,34.0,18.0,12.0,2.0,0.5063333333333334,0.5555555555555556,0.037000000000000005,0.8338769272011771
1022500126,CHI,174.0,80.0,48.0,30.0,10.0,20.0,0.4124,0.5900000000000001,0.2713,0.8502069911514288
1022500126,DAL,152.0,62.0,36.0,20.0,20.0,8.0,0.466125,0.326,0.227625,0.7314276072024983
1022500127,LAS,164.0,62.0,48.0,44.0,14.0,2.0,0.3973636363636364,0.22727272727272727,0.2467272727272727,0.5311289327541778
1022500127,MIN,182.0,64.0,56.0,20.0,26.0,12.0,0.4225454545454545,0.36363636363636365,0.19945454545454544,1.0723332061541826
1022500128,LVA,136.0,62.0,24.0,22.0,16.0,10.0,0.4066666666666667,0.25,0.08733333333333333,0.6285726624712741
1022500128,WAS,140.0,70.0,40.0,32.0,4.0,6.0,0.3538,0.3417,0.0666,0.4971944788905015
1022500129,ATL,164.0,58.0,38.0,22.0,16.0,12.0,0.34463636363636363,0.4772727272727273,0.11018181818181817,0.6508601402009137
1022500129,IND,198.0,70.0,54.0,22.0,12.0,6.0,0.4328888888888889,0.5741111111111111,0.32833333333333337,0.7898184063593767
1022500130,CON,130.0,70.0,22.0,30.0,8.0,6.0,0.3363333333333334,0.6111111111111112,0.1,0.45885056912235367
1022500130,SEA,158.0,56.0,44.0,14.0,22.0,8.0,0.41755555555555557,0.5277777777777778,0.13333333333333333,0.8351081533895168
1022500131,CHI,174.0,90.0,34.0,34.0,10.0,6.0,0.400125,0.441,0.116125,0.6876848167527219
1022500131,MIN,162.0,56.0,44.0,18.0,24.0,12.0,0.3706666666666667,0.3194444444444444,0.3277777777777778,0.8186050798602258
1022500132,GSV,204.0,56.0,46.0,20.0,8.0,4.0,0.46354545454545454,0.7120909090909091,0.21100000000000002,0.7447522850250151
1022500132,LVA,208.0,60.0,42.0,18.0,8.0,4.0,0.4881111111111111,0.5944444444444444,0.21755555555555556,0.6696401871972157
1022500133,DAL,166.0,66.0,48.0,34.0,10.0,8.0,0.47933333333333333,0.37033333333333335,0.34255555555555556,0.7699660422261498
1022500133,IND,204.0,66.0,60.0,16.0,22.0,4.0,0.5092727272727273,0.38636363636363635,0.28354545454545454,0.8973767826054417
1022500134,ATL,144.0,94.0,36.0,30.0,6.0,16.0,0.3481111111111111,0.17777777777777778,0.18255555555555555,0.6137357556961555
1022500134,NYL,158.0,72.0,48.0,12.0,16.0,12.0,0.38177777777777777,0.4166666666666667,0.2833333333333334,0.8195817318444312
1022500135,CON,176.0,56.0,30.0,32.0,14.0,6.0,0.5195,0.265625,0.243375,0.6106851337601557
1022500135,LAS,184.0,64.0,44.0,24.0,16.0,8.0,0.3648888888888889,0.4166666666666667,0.18188888888888888,0.722568388932069
1022500136,SEA,138.0,58.0,26.0,30.0,10.0,8.0,0.2643333333333333,0.4444444444444444,0.25555555555555554,0.3622795364529823
1022500136,WAS,148.0,72.0,38.0,30.0,12.0,4.0,0.3887777777777778,0.3147777777777778,0.1111111111111111,0.6423481769316107
1022500137,CHI,156.0,68.0,38.0,36.0,6.0,2.0,0.4473333333333333,0.5926666666666667,0.20833333333333334,0.5716098916344748
1022500137,MIN,182.0,68.0,52.0,20.0,28.0,12.0,0.4305,0.2,0.1732,0.9550069164152305
1022500138,GSV,154.0,72.0,46.0,18.0,14.0,2.0,0.29169999999999996,0.5166999999999999,0.27999999999999997,0.8380751812983348
1022500138,PHX,156.0,70.0,46.0,28.0,12.0,10.0,0.48325,0.38025,0.26875,0.7710787302164396
1052500001,IND,148.0,80.0,40.0,28.0,14.0,8.0,0.3824444444444445,0.3333333333333333,0.2518888888888889,0.7980927817472269
1052500001,MIN,118.0,60.0,26.0,32.0,14.0,6.0,0.3227272727272727,0.34845454545454546,0.08445454545454546,0.7548609712249703
